{"name":"589d8aa9-df76-4d41-9d64-222a18753ecc","id":"/providers/Microsoft.Flow/flows/589d8aa9-df76-4d41-9d64-222a18753ecc","type":"Microsoft.Flow/flows","properties":{"apiId":"/providers/Microsoft.PowerApps/apis/shared_logicflows","displayName":"Automatic Out of Office","definition":{"metadata":{"workflowEntityId":null,"processAdvisorMetadata":null,"flowclientsuspensionreason":"None","flowclientsuspensiontime":null,"creator":{"id":"7909c079-8e28-4ee7-8e21-604f04268418","type":"User","tenantId":"ae20e872-4d33-4665-bbb2-2d9e730ed22a"},"provisioningMethod":"FromDefinition","failureAlertSubscription":true,"clientLastModifiedTime":"2021-10-18T12:36:58.3588255Z"},"$schema":"https://schema.management.azure.com/providers/Microsoft.Logic/schemas/2016-06-01/workflowdefinition.json#","contentVersion":"1.0.0.0","parameters":{"$connections":{"defaultValue":{},"type":"Object"},"$authentication":{"defaultValue":{},"type":"SecureObject"}},"triggers":{"When_an_upcoming_event_is_starting_soon_(V3)":{"recurrence":{"frequency":"Minute","interval":1},"splitOn":"@triggerBody()?['value']","metadata":{"flowSystemMetadata":{"swaggerOperationId":"OnUpcomingEventsV3"}},"type":"ApiConnection","inputs":{"host":{"connection":{"name":"@parameters('$connections')['shared_office365']['connectionId']"},"api":{"runtimeUrl":"https://europe-002.azure-apim.net/apim/office365"}},"method":"get","path":"/v3/Events/OnUpcomingEvents","queries":{"table":"xxxxxxxxxxxxxxxxxxxxxxxxxxxxxxxxxxxxxxxxxxxxxxxxxxxxxxxxxxxxxxxxxxxxxxxxxxxxxxxxxxxxxxxxxxxxxxx","lookAheadTimeInMinutes":360},"authentication":"@parameters('$authentication')"},"conditions":[{"expression":"@Contains(triggerOutputs()?['body/categories'], 'Out of Office')"}]}},"actions":{"Send_me_a_mobile_notification":{"runAfter":{"Set_up_automatic_replies_(V2)":["Succeeded"]},"metadata":{"flowSystemMetadata":{"swaggerOperationId":"SendNotification"}},"type":"ApiConnection","inputs":{"host":{"connection":{"name":"@parameters('$connections')['shared_flowpush']['connectionId']"},"api":{"runtimeUrl":"https://europe-002.azure-apim.net/apim/flowpush"}},"method":"post","body":{"notificationText":"Out of Office activated with message until @{if(greaterOrEquals(div(div(mul(sub(ticks(triggerOutputs()?['body/end']),ticks(triggerOutputs()?['body/start'])),100),1000000000),86400), 5),addDays(triggerBody()?['End'],2,'dd-MM-yyyy'),formatDateTime(triggerBody()?['End'],'dd-MM-yyyy'))}"},"path":"/sendNotification","authentication":"@parameters('$authentication')"}},"Set_up_automatic_replies_(V2)":{"runAfter":{},"metadata":{"flowSystemMetadata":{"swaggerOperationId":"SetAutomaticRepliesSetting"}},"type":"ApiConnection","inputs":{"host":{"connection":{"name":"@parameters('$connections')['shared_office365']['connectionId']"},"api":{"runtimeUrl":"https://europe-002.azure-apim.net/apim/office365"}},"method":"post","body":{"Status":"Scheduled","ExternalAudience":"All","ScheduledStartDateTimeOffset":"@{utcNow()}","ScheduledEndDateTimeOffset":"@triggerBody()?['end']","InternalReplyMessage":"<!DOCTYPE html>\n<html>\n    <head>\n    </head>\n<body>\nHi,<br/>\n<br/>\nI’m currently out of the office until @{if(greaterOrEquals(div(div(mul(sub(ticks(triggerOutputs()?['body/end']),ticks(triggerOutputs()?['body/start'])),100),1000000000),86400), 5),addDays(triggerBody()?['End'],2,'dd-MM-yyyy'),formatDateTime(triggerBody()?['End'],'dd-MM-yyyy'))} with limited / no access to email.<br/>\n<br/>\nKind regards,<br/>\nUser\n</body>\n</html>","ExternalReplyMessage":"<!DOCTYPE html>\n<html>\n    <head>\n    </head>\n<body>\nHi,<br/>\n<br/>\nI’m currently out of the office until @{if(greaterOrEquals(div(div(mul(sub(ticks(triggerOutputs()?['body/end']),ticks(triggerOutputs()?['body/start'])),100),1000000000),86400), 5),addDays(triggerBody()?['End'],2,'dd-MM-yyyy'),formatDateTime(triggerBody()?['End'],'dd-MM-yyyy'))} with limited / no access to email.<br/>\n<br/>\nKind regards,<br/>\nUser\n</body>\n</html>"},"path":"/AutomaticRepliesSetting","authentication":"@parameters('$authentication')"}}},"outputs":{}},"connectionReferences":{"shared_office365":{"connectionName":"b6ba395da6fa479db5ea48666201471c","source":"Embedded","id":"/providers/Microsoft.PowerApps/apis/shared_office365","tier":"NotSpecified"},"shared_flowpush":{"connectionName":"shared-flowpush-07308881-8194-460a-b3dc-d521d82811bd","source":"Embedded","id":"/providers/Microsoft.PowerApps/apis/shared_flowpush","tier":"NotSpecified"}},"flowFailureAlertSubscribed":false}}